{
  "0": {
    "precision": 0.9807112085140876,
    "recall": 0.9077696882120825,
    "f1-score": 0.9428317856137844,
    "support": 71972.0
  },
  "1": {
    "precision": 0.4247335124360863,
    "recall": 0.7922728742321371,
    "f1-score": 0.5530042313117066,
    "support": 6186.0
  },
  "accuracy": 0.8986284193556642,
  "macro avg": {
    "precision": 0.702722360475087,
    "recall": 0.8500212812221097,
    "f1-score": 0.7479180084627455,
    "support": 78158.0
  },
  "weighted avg": {
    "precision": 0.936707037118472,
    "recall": 0.8986284193556642,
    "f1-score": 0.9119779606577639,
    "support": 78158.0
  }
}